X;Hugo_Symbol;Variant_Classification;Position
1;BTN1A1;Silent;26501897
2;BTN1A1;Silent;26550361
3;BTN1A1;Missense_Mutation;26505362
4;BTN1A1;Silent;26505403
5;BTN1A1;Missense_Mutation;26545632
6;BTN1A1;Missense_Mutation;26509330
7;HMGN4;Silent;26545632
8;HMGN4;3'-UTR ;26546808
9;HMGN4;Silent;26545951
10;LRRN2 ;3'-UTR ;204586812
11;LRRN2;Missense_Mutation;204587047
12;LRRN2;Missense_Mutation;204587569
13;LRRN2;Missense_Mutation;204589101
14;LRRN2;Silent;204587578
15;LRRN2;Silent;204587598
16;TANK;3'-UTR ;162092640
17;AFF3;Missense_Mutation;99545531
18;AFF3;3'-UTR ;99545644
19;AFF3;Missense_Mutation;99545817
20;AFF3;Missense_Mutation;99545812
21;H2AC6;3'-UTR ;26538479
22;H2AC6;3'-UTR ;26538820
23;H2AC6;Silent;26538866
24;LRRN2;Silent;204617268
25;LRRN3;Silent;204617486
26;LRRN4;Silent;204617515
27;LRRN5;Silent;204618133
28;LRRN6;Missense_Mutation;204619064
29;MDM4;Missense_Mutation;204516689
30;MDM5;Missense_Mutation;204517889
31;MDM6;Missense_Mutation;204521989
32;MDM7;Missense_Mutation;204524989
33;MDM8;Missense_Mutation;204525420
34;MDM9;Missense_Mutation;204525730
35;MDM10;Missense_Mutation;204526340
36;TANK;Silent;161138108
37;TANK;Silent;161140318
38;TANK;Missense_Mutation;161143528
